sigle,groupe,annee,source,bilan,emploi,ressources,fonds_propres,effectif,agences,pnb,resultat_net,charges_exploit,rbe,cout_risque,interets_produits,interets_charges,roa,coeff_exploit,taux_transfo,solvabilite,liquidite,score_global,classement
BAS,Groupes Continentaux,2015,BASE_SENEGAL2,297374.0,166775.0,162739.0,10437.0,206.0,19.0,,,,,,,,,,102.48,3.51,54.73,33.3,11.0
BCIM,Groupes Règionaux,2015,BASE_SENEGAL2,5869.0,515.0,3551.0,1891.0,25.0,1.0,,,,,,,,,,14.5,32.22,60.5,29.9,16.0
BDK,Groupes Règionaux,2015,BASE_SENEGAL2,51483.0,865.0,24257.0,13085.0,27.0,1.0,,,,,,,,,,3.57,25.42,47.12,31.6,13.0
BGFI,Groupes Règionaux,2015,BASE_SENEGAL2,13894.0,3278.0,457.0,9098.0,37.0,1.0,,,,,,,,,,,65.48,3.29,16.8,23.0
BHS,Groupes Locaux,2015,BASE_SENEGAL2,278322.0,218840.0,215423.0,30821.0,21.0,13.0,,,,,,,,,,101.59,11.07,77.4,23.2,21.0
BICIS,Groupes Internationaux,2015,BASE_SENEGAL2,430615.0,224354.0,343456.0,30941.0,440.0,32.0,,,,,,,,,,65.32,7.19,79.76,47.7,4.0
BIS,Groupes Règionaux,2015,BASE_SENEGAL2,214264.0,155706.0,168435.0,27059.0,132.0,23.0,,,,,,,,,,92.44,12.63,78.61,38.8,6.0
BNDE,Groupes Locaux,2015,BASE_SENEGAL2,76436.0,38226.0,30244.0,11398.0,133.0,7.0,,,,,,,,,,126.39,14.91,39.57,31.9,12.0
BOA,Groupes Continentaux,2015,BASE_SENEGAL2,361878.0,193153.0,206125.0,26280.0,234.0,33.0,,,,,,,,,,93.71,7.26,56.96,45.0,5.0
BRM,Groupes Règionaux,2015,BASE_SENEGAL2,293900.0,132957.0,98221.0,26425.0,64.0,1.0,,,,,,,,,,135.37,8.99,33.42,19.7,22.0
CBAO,Groupes Continentaux,2015,BASE_SENEGAL2,811726.0,494074.0,626330.0,81176.0,1028.0,87.0,,,,,,,,,,78.88,10.0,77.16,75.4,1.0
CDS,Groupes Règionaux,2015,BASE_SENEGAL2,171978.0,90286.0,124374.0,15788.0,126.0,8.0,,,,,,,,,,72.59,9.18,72.32,33.6,10.0
CISA,Groupes Internationaux,2015,BASE_SENEGAL2,51395.0,2091.0,33630.0,8894.0,29.0,2.0,,,,,,,,,,6.22,17.31,65.43,28.0,18.0
CITIBANK,Groupes Continentaux,2015,BASE_SENEGAL2,87696.0,21784.0,57126.0,19847.0,32.0,1.0,,,,,,,,,,38.13,22.63,65.14,35.4,8.0
ECOBANK,Groupes Continentaux,2015,BASE_SENEGAL2,648371.0,316186.0,497791.0,29819.0,342.0,39.0,,,,,,,,,,63.52,4.6,76.78,53.3,3.0
FBNBANK,Groupes Continentaux,2015,BASE_SENEGAL2,32204.0,7529.0,14727.0,10210.0,68.0,3.0,,,,,,,,,,51.12,31.7,45.73,30.5,14.0
LBA,Groupes Locaux,2015,BASE_SENEGAL2,242576.0,207509.0,165785.0,18227.0,303.0,33.0,,,,,,,,,,125.17,7.51,68.34,33.7,9.0
ORABANK,Groupes Continentaux,2015,BASE_SENEGAL2,51230.0,34069.0,42186.0,2700.0,104.0,7.0,,,,,,,,,,80.76,5.27,82.35,30.1,15.0
SGBS,Groupes Internationaux,2015,BASE_SENEGAL2,735567.0,380109.0,581340.0,40724.0,801.0,42.0,,,,,,,,,,65.38,5.54,79.03,70.9,2.0
UBA,Groupes Continentaux,2015,BASE_SENEGAL2,146508.0,63015.0,93989.0,22586.0,132.0,10.0,,,,,,,,,,67.05,15.42,64.15,35.6,7.0
BAS,Groupes Continentaux,2016,BASE_SENEGAL2,318603.0,173612.0,153838.0,4513.0,210.0,19.0,,,,,,,,,,112.85,1.42,48.29,33.3,11.0
BCIM,Groupes Règionaux,2016,BASE_SENEGAL2,179912.0,707.0,104255.0,100571.0,23.0,1.0,,,,,,,,,,0.68,55.9,57.95,29.9,16.0
BDK,Groupes Règionaux,2016,BASE_SENEGAL2,106763.0,4204.0,51785.0,17648.0,43.0,1.0,,,,,,,,,,8.12,16.53,48.5,31.6,13.0
BGFI,Groupes Règionaux,2016,BASE_SENEGAL2,24477.0,12115.0,511.0,9228.0,41.0,1.0,,,,,,,,,,,37.7,2.09,16.8,23.0
BHS,Groupes Locaux,2016,BASE_SENEGAL2,318410.0,260162.0,219166.0,36614.0,231.0,15.0,,,,,,,,,,118.71,11.5,68.83,23.2,21.0
BICIS,Groupes Internationaux,2016,BASE_SENEGAL2,437494.0,279625.0,349607.0,31523.0,451.0,32.0,,,,,,,,,,79.98,7.21,79.91,47.7,4.0
BIS,Groupes Règionaux,2016,BASE_SENEGAL2,285684.0,174368.0,230187.0,29609.0,163.0,26.0,,,,,,,,,,75.75,10.36,80.57,38.8,6.0
BNDE,Groupes Locaux,2016,BASE_SENEGAL2,87491.0,39360.0,37131.0,11689.0,135.0,9.0,,,,,,,,,,106.0,13.36,42.44,31.9,12.0
BOA,Groupes Continentaux,2016,BASE_SENEGAL2,521726.0,235388.0,318797.0,29331.0,234.0,42.0,,,,,,,,,,73.84,5.62,61.1,45.0,5.0
BRM,Groupes Règionaux,2016,BASE_SENEGAL2,315452.0,128797.0,91269.0,30956.0,76.0,2.0,,,,,,,,,,141.12,9.81,28.93,19.7,22.0
CBAO,Groupes Continentaux,2016,BASE_SENEGAL2,918827.0,559794.0,647990.0,85750.0,1015.0,90.0,,,,,,,,,,86.39,9.33,70.52,75.4,1.0
CDS,Groupes Règionaux,2016,BASE_SENEGAL2,192935.0,95837.0,142201.0,17863.0,125.0,8.0,,,,,,,,,,67.4,9.26,73.7,33.6,10.0
CISA,Groupes Internationaux,2016,BASE_SENEGAL2,55995.0,23810.0,40209.0,9496.0,51.0,2.0,,,,,,,,,,59.22,16.96,71.81,28.0,18.0
CITIBANK,Groupes Continentaux,2016,BASE_SENEGAL2,104708.0,31386.0,69104.0,20363.0,28.0,1.0,,,,,,,,,,45.42,19.45,66.0,35.4,8.0
ECOBANK,Groupes Continentaux,2016,BASE_SENEGAL2,741250.0,284138.0,490739.0,33358.0,356.0,38.0,,,,,,,,,,57.9,4.5,66.2,53.3,3.0
FBNBANK,Groupes Continentaux,2016,BASE_SENEGAL2,37089.0,4769.0,16713.0,10415.0,65.0,3.0,,,,,,,,,,28.53,28.08,45.06,30.5,14.0
LBA,Groupes Locaux,2016,BASE_SENEGAL2,249489.0,210790.0,172588.0,19534.0,322.0,32.0,,,,,,,,,,122.13,7.83,69.18,33.7,9.0
ORABANK,Groupes Continentaux,2016,BASE_SENEGAL2,96237.0,62957.0,64658.0,5392.0,124.0,7.0,,,,,,,,,,97.37,5.6,67.19,30.1,15.0
SGBS,Groupes Internationaux,2016,BASE_SENEGAL2,772490.0,402026.0,629701.0,50180.0,791.0,42.0,,,,,,,,,,63.84,6.5,81.52,70.9,2.0
UBA,Groupes Continentaux,2016,BASE_SENEGAL2,208316.0,80575.0,126938.0,26889.0,133.0,9.0,,,,,,,,,,63.48,12.91,60.94,35.6,7.0
BAS,Groupes Continentaux,2017,BASE_SENEGAL2,341998.0,189376.0,194008.0,10743.0,213.0,18.0,13918.0,1762.0,8737.0,4102.0,2369.0,12522.0,9823.0,0.52,62.77,97.61,3.14,56.73,33.3,11.0
BCIM,Groupes Règionaux,2017,BASE_SENEGAL2,35673.0,14325.0,22239.0,5629.0,25.0,2.0,2055.0,712.0,1066.0,637.0,-75.0,2215.0,995.0,2.0,51.87,64.41,15.78,62.34,29.9,16.0
BDK,Groupes Règionaux,2017,BASE_SENEGAL2,164536.0,82551.0,99922.0,18094.0,52.0,1.0,8539.0,1838.0,5064.0,1843.0,28.0,4937.0,1875.0,1.12,59.3,82.62,11.0,60.73,31.6,13.0
BGFI,Groupes Règionaux,2017,BASE_SENEGAL2,57421.0,34579.0,19947.0,8854.0,44.0,1.0,1930.0,-1911.0,3325.0,-1811.0,95.0,2169.0,993.0,-3.33,172.28,173.35,15.42,34.74,16.8,23.0
BICIS,Groupes Internationaux,2017,BASE_SENEGAL2,442968.0,314239.0,356535.0,40180.0,455.0,32.0,33542.0,10356.0,20069.0,11375.0,-2766.0,24178.0,4588.0,2.34,59.83,88.14,9.07,80.49,47.7,4.0
BIS,Groupes Règionaux,2017,BASE_SENEGAL2,315392.0,232501.0,259260.0,34467.0,182.0,27.0,16871.0,6378.0,7615.0,8624.0,342.0,14721.0,7601.0,2.02,45.14,89.68,10.93,82.2,38.8,6.0
BNDE,Groupes Locaux,2017,BASE_SENEGAL2,140318.0,74853.0,71964.0,29786.0,150.0,11.0,7752.0,1594.0,4407.0,2492.0,893.0,5636.0,1713.0,1.14,56.85,104.01,21.23,51.29,31.9,12.0
BOA,Groupes Continentaux,2017,BASE_SENEGAL2,459146.0,240239.0,274314.0,34093.0,330.0,55.0,24819.0,11388.0,12611.0,10609.0,-909.0,30099.0,13493.0,2.48,50.81,87.58,7.43,59.74,45.0,5.0
BSIC,Groupes Règionaux,2017,BASE_SENEGAL2,124741.0,58944.0,61006.0,11072.0,165.0,14.0,5647.0,-1298.0,4360.0,777.0,2070.0,7376.0,3583.0,-1.04,77.21,96.62,8.88,48.91,16.4,24.0
CBAO,Groupes Continentaux,2017,BASE_SENEGAL2,989383.0,670185.0,749689.0,88417.0,1013.0,86.0,72150.0,17074.0,36570.0,32766.0,9856.0,72667.0,23192.0,1.73,50.69,89.4,8.94,75.77,75.4,1.0
CBI,Groupes Règionaux,2017,BASE_SENEGAL2,40255.0,21626.0,23663.0,3576.0,31.0,2.0,1863.0,76.0,1571.0,105.0,21.0,1476.0,623.0,0.19,84.33,91.39,8.88,58.78,26.3,19.0
CDS,Groupes Règionaux,2017,BASE_SENEGAL2,167833.0,90451.0,120467.0,21803.0,131.0,8.0,11441.0,3057.0,5748.0,5113.0,1162.0,9356.0,1629.0,1.82,50.24,75.08,12.99,71.78,33.6,10.0
CISA,Groupes Internationaux,2017,BASE_SENEGAL2,62821.0,26375.0,46289.0,12357.0,39.0,2.0,2883.0,846.0,1678.0,937.0,86.0,3685.0,1683.0,1.35,58.2,56.98,19.67,73.68,28.0,18.0
CITIBANK,Groupes Continentaux,2017,BASE_SENEGAL2,101380.0,48374.0,66537.0,21921.0,29.0,1.0,7010.0,3177.0,3333.0,3539.0,-662.0,2159.0,55.0,3.13,47.55,72.7,21.62,65.63,35.4,8.0
ECOBANK,Groupes Continentaux,2017,BASE_SENEGAL2,715278.0,327756.0,513305.0,36623.0,355.0,34.0,41419.0,8906.0,24087.0,14971.0,6155.0,21762.0,12504.0,1.25,58.15,63.85,5.12,71.76,53.3,3.0
FBNBANK,Groupes Continentaux,2017,BASE_SENEGAL2,30849.0,5165.0,14582.0,10625.0,89.0,3.0,3241.0,243.0,2609.0,254.0,6.0,830.0,531.0,0.79,80.5,35.42,34.44,47.27,30.5,14.0
LBA,Groupes Locaux,2017,BASE_SENEGAL2,254211.0,228003.0,175104.0,21717.0,328.0,34.0,17197.0,2183.0,10364.0,5801.0,3618.0,12366.0,4288.0,0.86,60.27,130.21,8.54,68.88,33.7,9.0
LBO,Groupes Locaux,2017,BASE_SENEGAL2,11213.0,,,10049.0,,,254.0,-532.0,105.0,-530.0,,254.0,0.0,-4.74,41.34,,89.62,,25.0,20.0
NSIA BANQUE,Groupes Règionaux,2017,BASE_SENEGAL2,183519.0,88509.0,119383.0,9470.0,134.0,8.0,7530.0,1573.0,4594.0,1970.0,384.0,10427.0,5601.0,0.86,61.01,74.14,5.16,65.05,29.7,17.0
ORABANK,Groupes Continentaux,2017,BASE_SENEGAL2,153547.0,100431.0,108823.0,10199.0,108.0,7.0,8785.0,2355.0,6055.0,2421.0,67.0,7778.0,4225.0,1.53,68.92,92.29,6.64,70.87,30.1,15.0
SGBS,Groupes Internationaux,2017,BASE_SENEGAL2,873873.0,575167.0,674919.0,66261.0,829.0,40.0,61701.0,18363.0,37027.0,22429.0,3148.0,38532.0,11401.0,2.1,60.01,85.22,7.58,77.23,70.9,2.0
UBA,Groupes Continentaux,2017,BASE_SENEGAL2,243242.0,120187.0,163369.0,34022.0,191.0,10.0,17292.0,7149.0,7919.0,8964.0,340.0,10503.0,4239.0,2.94,45.8,73.57,13.99,67.16,35.6,7.0
BAS,Groupes Continentaux,2018,BASE_SENEGAL2,325682.0,224452.0,159065.0,26261.0,228.0,10.0,15626.0,1535.0,10897.0,3915.0,2377.0,18825.0,8421.0,0.47,69.74,141.11,8.06,48.84,33.3,11.0
BCIM,Groupes Règionaux,2018,BASE_SENEGAL2,32353.0,13616.0,17443.0,5731.0,26.0,2.0,1752.0,191.0,1250.0,164.0,-27.0,2046.0,814.0,0.59,71.35,78.06,17.71,53.91,29.9,16.0
BDK,Groupes Règionaux,2018,BASE_SENEGAL2,179468.0,111325.0,96326.0,20903.0,66.0,3.0,9863.0,2809.0,6673.0,2842.0,34.0,10327.0,4019.0,1.57,67.66,115.57,11.65,53.67,31.6,13.0
BGFI,Groupes Règionaux,2018,BASE_SENEGAL2,100164.0,67329.0,66261.0,9662.0,53.0,1.0,4596.0,-2191.0,4231.0,14.0,2200.0,4279.0,2571.0,-2.19,92.06,101.61,9.65,66.15,16.8,23.0
BHS,Groupes Locaux,2018,BASE_SENEGAL2,376718.0,305960.0,256296.0,,265.0,19.0,,,,,,,,,,119.38,,68.03,23.2,21.0
BICIS,Groupes Internationaux,2018,BASE_SENEGAL2,463539.0,326424.0,370987.0,47340.0,469.0,33.0,34069.0,9085.0,19987.0,12129.0,-507.0,24036.0,4772.0,1.96,58.67,87.99,10.21,80.03,47.7,4.0
BIS,Groupes Règionaux,2018,BASE_SENEGAL2,363243.0,287646.0,294439.0,39542.0,202.0,28.0,16478.0,6574.0,8393.0,7404.0,-1257.0,16356.0,8867.0,1.81,50.93,97.69,10.89,81.06,38.8,6.0
BNDE,Groupes Locaux,2018,BASE_SENEGAL2,175417.0,104469.0,87291.0,30865.0,163.0,12.0,9489.0,2179.0,5200.0,3634.0,1070.0,8601.0,3121.0,1.24,54.8,119.68,17.6,49.76,31.9,12.0
BOA,Groupes Continentaux,2018,BASE_SENEGAL2,449937.0,241382.0,290746.0,38335.0,330.0,59.0,24948.0,8509.0,14205.0,8837.0,-315.0,27869.0,13045.0,1.89,56.94,83.02,8.52,64.62,45.0,5.0
BRM,Groupes Règionaux,2018,BASE_SENEGAL2,408297.0,234245.0,152373.0,,144.0,2.0,,,,,,,,,,153.73,,37.32,19.7,22.0
BSIC,Groupes Règionaux,2018,BASE_SENEGAL2,122869.0,46202.0,52792.0,5878.0,156.0,14.0,4695.0,-5193.0,4693.0,-654.0,4534.0,6417.0,3981.0,-4.23,99.96,87.52,4.78,42.97,16.4,24.0
CBAO,Groupes Continentaux,2018,BASE_SENEGAL2,961930.0,658655.0,779970.0,101402.0,1013.0,87.0,70007.0,23385.0,34777.0,33133.0,1291.0,58634.0,10141.0,2.43,49.68,84.45,10.54,81.08,75.4,1.0
CBI,Groupes Règionaux,2018,BASE_SENEGAL2,81875.0,46617.0,30773.0,10500.0,36.0,2.0,0.0,0.0,,0.0,,,,0.0,,151.49,12.82,37.59,26.3,19.0
CDS,Groupes Règionaux,2018,BASE_SENEGAL2,204668.0,114166.0,147050.0,23614.0,131.0,8.0,11021.0,3512.0,5428.0,5025.0,631.0,9713.0,2018.0,1.72,49.25,77.64,11.54,71.85,33.6,10.0
CISA,Groupes Internationaux,2018,BASE_SENEGAL2,65335.0,28131.0,147050.0,12474.0,58.0,2.0,2941.0,578.0,1990.0,673.0,90.0,4036.0,1848.0,0.88,67.66,19.13,19.09,,28.0,18.0
CITIBANK,Groupes Continentaux,2018,BASE_SENEGAL2,107725.0,57060.0,75695.0,18151.0,29.0,1.0,7661.0,1431.0,3865.0,3694.0,1670.0,3416.0,130.0,1.33,50.45,75.38,16.85,70.27,35.4,8.0
ECOBANK,Groupes Continentaux,2018,BASE_SENEGAL2,701430.0,316950.0,473130.0,41939.0,423.0,34.0,42448.0,13118.0,24600.0,15506.0,2284.0,21763.0,11140.0,1.87,57.95,66.99,5.98,67.45,53.3,3.0
FBNBANK,Groupes Continentaux,2018,BASE_SENEGAL2,35518.0,6701.0,18146.0,10714.0,94.0,3.0,2475.0,89.0,2347.0,-141.0,-234.0,1905.0,631.0,0.25,94.83,36.93,30.16,51.09,30.5,14.0
LBA,Groupes Locaux,2018,BASE_SENEGAL2,296545.0,270577.0,206661.0,30284.0,351.0,37.0,18579.0,2239.0,11077.0,6412.0,3048.0,14026.0,4720.0,0.76,59.62,130.93,10.21,69.69,33.7,9.0
LBO,Groupes Locaux,2018,BASE_SENEGAL2,15273.0,84.0,1879.0,12324.0,36.0,1.0,652.0,-1225.0,1730.0,-1222.0,,647.0,6.0,-8.02,265.34,4.47,80.69,12.3,25.0,20.0
NSIA BANQUE,Groupes Règionaux,2018,BASE_SENEGAL2,226494.0,136428.0,164073.0,11937.0,125.0,10.0,9483.0,2462.0,5912.0,2886.0,419.0,11864.0,5817.0,1.09,62.34,83.15,5.27,72.44,29.7,17.0
ORABANK,Groupes Continentaux,2018,BASE_SENEGAL2,212203.0,126800.0,154036.0,12117.0,116.0,10.0,11398.0,1918.0,7247.0,3705.0,1099.0,11707.0,6411.0,0.9,63.58,82.32,5.71,72.59,30.1,15.0
SGBS,Groupes Internationaux,2018,BASE_SENEGAL2,930330.0,604658.0,771250.0,77976.0,858.0,39.0,73502.0,17715.0,40646.0,30399.0,7728.0,44160.0,12184.0,1.9,55.3,78.4,8.38,82.9,70.9,2.0
UBA,Groupes Continentaux,2018,BASE_SENEGAL2,352079.0,130247.0,191386.0,32945.0,163.0,10.0,16704.0,4374.0,10177.0,6133.0,443.0,9713.0,4386.0,1.24,60.93,68.05,9.36,54.36,35.6,7.0
BAS,Groupes Continentaux,2019,BASE_SENEGAL2,372383.0,247812.0,189126.0,30994.0,236.0,21.0,17404.0,4733.0,11665.0,4934.0,199.0,19823.0,8783.0,1.27,67.02,131.03,8.32,50.79,33.3,11.0
BCIM,Groupes Règionaux,2019,BASE_SENEGAL2,25730.0,9911.0,18088.0,5502.0,25.0,2.0,1632.0,-38.0,1186.0,78.0,116.0,2021.0,764.0,-0.15,72.67,54.79,21.38,70.3,29.9,16.0
BDK,Groupes Règionaux,2019,BASE_SENEGAL2,170663.0,99558.0,98657.0,23242.0,115.0,7.0,10281.0,2339.0,6809.0,3006.0,673.0,12840.0,5447.0,1.37,66.23,100.91,13.62,57.81,31.6,13.0
BGFI,Groupes Règionaux,2019,BASE_SENEGAL2,87985.0,53944.0,59855.0,3530.0,63.0,2.0,2521.0,-6133.0,4415.0,-2397.0,3731.0,4834.0,3689.0,-6.97,175.13,90.12,4.01,68.03,16.8,23.0
BHS,Groupes Locaux,2019,BASE_SENEGAL2,427050.0,338146.0,272043.0,,289.0,22.0,,,,,,,,,,124.3,,63.7,23.2,21.0
BICIS,Groupes Internationaux,2019,BASE_SENEGAL2,499528.0,346428.0,385663.0,55884.0,483.0,33.0,36341.0,8544.0,20104.0,14327.0,2247.0,28170.0,5365.0,1.71,55.32,89.83,11.19,77.21,47.7,4.0
BIS,Groupes Règionaux,2019,BASE_SENEGAL2,369275.0,292192.0,280335.0,43767.0,206.0,28.0,18902.0,6226.0,9979.0,8195.0,-166.0,19609.0,9953.0,1.69,52.79,104.23,11.85,75.91,38.8,6.0
BNDE,Groupes Locaux,2019,BASE_SENEGAL2,216335.0,91839.0,111204.0,33681.0,182.0,13.0,10786.0,2817.0,6400.0,3598.0,495.0,11290.0,3947.0,1.3,59.34,82.59,15.57,51.4,31.9,12.0
BOA,Groupes Continentaux,2019,BASE_SENEGAL2,534863.0,267184.0,342478.0,43184.0,347.0,60.0,30102.0,9115.0,15832.0,12365.0,2244.0,30522.0,12863.0,1.7,52.59,78.01,8.07,64.03,45.0,5.0
BRM,Groupes Règionaux,2019,BASE_SENEGAL2,353164.0,250305.0,127355.0,,118.0,4.0,,,,,,,,,,196.54,,36.06,19.7,22.0
BSIC,Groupes Règionaux,2019,BASE_SENEGAL2,120203.0,48202.0,62521.0,4230.0,154.0,14.0,4325.0,-1648.0,4787.0,-1092.0,706.0,6489.0,3723.0,-1.37,110.68,77.1,3.52,52.01,16.4,24.0
CBAO,Groupes Continentaux,2019,BASE_SENEGAL2,1033330.0,700259.0,866397.0,109639.0,1037.0,88.0,77319.0,26102.0,36936.0,38199.0,2803.0,62334.0,10813.0,2.53,47.77,80.82,10.61,83.85,75.4,1.0
CBI,Groupes Règionaux,2019,BASE_SENEGAL2,185634.0,130097.0,128012.0,23078.0,53.0,5.0,8449.0,3078.0,3409.0,4746.0,476.0,6206.0,1625.0,1.66,40.35,101.63,12.43,68.96,26.3,19.0
CDS,Groupes Règionaux,2019,BASE_SENEGAL2,230294.0,127188.0,164921.0,27073.0,143.0,8.0,12857.0,5208.0,6032.0,6242.0,-396.0,11873.0,2480.0,2.26,46.92,77.12,11.76,71.61,33.6,10.0
CISA,Groupes Internationaux,2019,BASE_SENEGAL2,57663.0,24122.0,35645.0,13166.0,52.0,2.0,2813.0,885.0,1609.0,972.0,82.0,3759.0,1702.0,1.53,57.2,67.67,22.83,61.82,28.0,18.0
CITIBANK,Groupes Continentaux,2019,BASE_SENEGAL2,114862.0,55997.0,83403.0,21350.0,29.0,1.0,9828.0,4415.0,4974.0,4735.0,-1587.0,3607.0,210.0,3.84,50.61,67.14,18.59,72.61,35.4,8.0
ECOBANK,Groupes Continentaux,2019,BASE_SENEGAL2,654760.0,319764.0,526114.0,43391.0,411.0,34.0,39482.0,8036.0,27884.0,9313.0,1299.0,24872.0,15526.0,1.23,70.62,60.78,6.63,80.35,53.3,3.0
FBNBANK,Groupes Continentaux,2019,BASE_SENEGAL2,29930.0,6338.0,17386.0,10909.0,107.0,3.0,3044.0,193.0,2715.0,122.0,-76.0,2167.0,607.0,0.64,89.19,36.45,36.45,58.09,30.5,14.0
LBA,Groupes Locaux,2019,BASE_SENEGAL2,328595.0,270554.0,232700.0,30311.0,350.0,38.0,19243.0,527.0,11256.0,6818.0,5949.0,15771.0,5166.0,0.16,58.49,116.27,9.22,70.82,33.7,9.0
LBO,Groupes Locaux,2019,BASE_SENEGAL2,22941.0,10681.0,11222.0,11129.0,37.0,1.0,941.0,-1695.0,2268.0,-1690.0,,833.0,155.0,-7.39,241.02,95.18,48.51,48.92,25.0,20.0
NSIA BANQUE,Groupes Règionaux,2019,BASE_SENEGAL2,273646.0,136612.0,191680.0,14634.0,140.0,12.0,10638.0,2678.0,7087.0,2912.0,231.0,14966.0,7241.0,0.98,66.62,71.27,5.35,70.05,29.7,17.0
ORABANK,Groupes Continentaux,2019,BASE_SENEGAL2,312677.0,187420.0,240227.0,15360.0,138.0,11.0,15330.0,3243.0,7700.0,7105.0,3261.0,16151.0,7508.0,1.04,50.23,78.02,4.91,76.83,30.1,15.0
SGBS,Groupes Internationaux,2019,BASE_SENEGAL2,975391.0,673354.0,801792.0,94662.0,914.0,40.0,79001.0,21997.0,43269.0,33358.0,2052.0,59782.0,13342.0,2.26,54.77,83.98,9.71,82.2,70.9,2.0
UBA,Groupes Continentaux,2019,BASE_SENEGAL2,221723.0,124559.0,174720.0,30113.0,243.0,10.0,15333.0,168.0,13256.0,1649.0,326.0,15812.0,4958.0,0.08,86.45,71.29,13.58,78.8,35.6,7.0
BAS,Groupes Continentaux,2020,BASE_SENEGAL2,408458.0,276934.0,204057.0,,236.0,21.0,,,,,,,,,,135.71,,49.96,33.3,11.0
BCIM,Groupes Règionaux,2020,BASE_SENEGAL2,47032.0,20653.0,40710.0,,27.0,2.0,,,,,,,,,,50.73,,86.56,29.9,16.0
BDK,Groupes Règionaux,2020,BASE_SENEGAL2,208146.0,126336.0,111097.0,,133.0,7.0,,,,,,,,,,113.72,,53.37,31.6,13.0
BGFI,Groupes Règionaux,2020,BASE_SENEGAL2,139696.0,73108.0,57508.0,,62.0,2.0,,,,,,,,,,127.13,,41.17,16.8,23.0
BHS,Groupes Locaux,2020,BASE_SENEGAL2,471204.0,357725.0,336205.0,,282.0,25.0,,,,,,,,,,106.4,,71.35,23.2,21.0
BICIS,Groupes Internationaux,2020,BASE_SENEGAL2,483662.0,299014.0,451441.0,,483.0,33.0,,,,,,,,,,66.24,,93.34,47.7,4.0
BIS,Groupes Règionaux,2020,BASE_SENEGAL2,437707.0,330840.0,310699.0,,225.0,28.0,,,,,,,,,,106.48,,70.98,38.8,6.0
BNDE,Groupes Locaux,2020,BASE_SENEGAL2,279297.0,123567.0,112612.0,,197.0,15.0,,,,,,,,,,109.73,,40.32,31.9,12.0
BOA,Groupes Continentaux,2020,BASE_SENEGAL2,562897.0,285619.0,344904.0,,379.0,59.0,,,,,,,,,,82.81,,61.27,45.0,5.0
BRM,Groupes Règionaux,2020,BASE_SENEGAL2,292888.0,148208.0,164111.0,,125.0,4.0,,,,,,,,,,90.31,,56.03,19.7,22.0
BSIC,Groupes Règionaux,2020,BASE_SENEGAL2,131535.0,48037.0,81827.0,,154.0,14.0,,,,,,,,,,58.71,,62.21,16.4,24.0
CBAO,Groupes Continentaux,2020,BASE_SENEGAL2,1151047.0,668334.0,859399.0,,1044.0,90.0,,,,,,,,,,77.77,,74.66,75.4,1.0
CBI,Groupes Règionaux,2020,BASE_SENEGAL2,324023.0,153437.0,152263.0,,89.0,12.0,,,,,,,,,,100.77,,46.99,26.3,19.0
CDS,Groupes Règionaux,2020,BASE_SENEGAL2,234308.0,120974.0,165867.0,,150.0,8.0,,,,,,,,,,72.93,,70.79,33.6,10.0
CISA,Groupes Internationaux,2020,BASE_SENEGAL2,54371.0,24343.0,46724.0,,51.0,2.0,,,,,,,,,,52.1,,85.94,28.0,18.0
CITIBANK,Groupes Continentaux,2020,BASE_SENEGAL2,135275.0,43616.0,157563.0,,28.0,1.0,,,,,,,,,,27.68,,116.48,35.4,8.0
ECOBANK,Groupes Continentaux,2020,BASE_SENEGAL2,721563.0,299014.0,461252.0,,399.0,28.0,,,,,,,,,,64.83,,63.92,53.3,3.0
FBNBANK,Groupes Continentaux,2020,BASE_SENEGAL2,72848.0,26025.0,36455.0,,98.0,6.0,,,,,,,,,,71.39,,50.04,30.5,14.0
LBA,Groupes Locaux,2020,BASE_SENEGAL2,343035.0,272639.0,244963.0,,353.0,40.0,,,,,,,,,,111.3,,71.41,33.7,9.0
LBO,Groupes Locaux,2020,BASE_SENEGAL2,29599.0,15473.0,14965.0,,40.0,2.0,,,,,,,,,,103.39,,50.56,25.0,20.0
NSIA BANQUE,Groupes Règionaux,2020,BASE_SENEGAL2,363867.0,159892.0,205412.0,,150.0,12.0,,,,,,,,,,77.84,,56.45,29.7,17.0
ORABANK,Groupes Continentaux,2020,BASE_SENEGAL2,490396.0,240373.0,277871.0,,234.0,13.0,,,,,,,,,,86.51,,56.66,30.1,15.0
SGBS,Groupes Internationaux,2020,BASE_SENEGAL2,967133.0,634939.0,757582.0,,876.0,38.0,,,,,,,,,,83.81,,78.33,70.9,2.0
UBA,Groupes Continentaux,2020,BASE_SENEGAL2,266195.0,93978.0,164610.0,,184.0,10.0,,,,,,,,,,57.09,,61.84,35.6,7.0
BAS,Continentaux,2021,BCEAO_2022,391136.0,,201683.0,,,,8356.0,4016.0,6424.0,,,,,1.03,,,,,,
BDK,Locaux,2021,BCEAO_2022,301577.0,,174606.0,,,,16360.0,3740.0,9315.0,,,,,1.24,,,,,,
BGFI,Continentaux,2021,BCEAO_2022,216330.0,,102549.0,,,,,1549.0,,,,,,0.72,,,,,,
BHS,Locaux,2021,BCEAO_2022,532282.0,,352184.0,,,,12575.0,3349.0,5430.0,,,,,0.63,,,,,,
BICIS,Internationaux,2021,BCEAO_2022,550574.0,,430973.0,,,,34774.0,8434.0,20649.0,,,,,1.53,,,,,,
BIMAO,Locaux,2021,BCEAO_2022,51122.0,,7929.0,,,,,2475.0,,,,,,4.84,,,,,,
BIS,Locaux,2021,BCEAO_2022,577639.0,,388378.0,,,,,9642.0,,,,,,1.67,,,,,,
BNDE,Locaux,2021,BCEAO_2022,332107.0,,49710.0,,,,,2573.0,,,,,,0.77,,,,,,
BOA,Continentaux,2021,BCEAO_2022,626289.0,,445946.0,,,,35726.0,11070.0,15829.0,,,,,1.77,,,,,,
BRM,Locaux,2021,BCEAO_2022,194259.0,,105129.0,,,,,8950.0,,,,,,4.61,,,,,,
BSIC,Continentaux,2021,BCEAO_2022,149512.0,,81891.0,,,,,2328.0,,,,,,1.56,,,,,,
CBAO,Continentaux,2021,BCEAO_2022,1172780.0,,969295.0,,,,83344.0,29415.0,38617.0,,,,,2.51,,,,,,
CBI,Regionaux,2021,BCEAO_2022,410737.0,,228261.0,,,,,8824.0,,,,,,2.15,,,,,,
CDS,Continentaux,2021,BCEAO_2022,242391.0,,146641.0,,,,14673.0,5821.0,6462.0,,,,,2.4,,,,,,
CI,Locaux,2021,BCEAO_2022,54757.0,,37198.0,,,,,,,,,,,,,,,,,
CITIBANK,Internationaux,2021,BCEAO_2022,226778.0,,187753.0,,,,,4343.0,,,,,,1.92,,,,,,
ECOBANK,Continentaux,2021,BCEAO_2022,844547.0,,476700.0,,,,42634.0,12307.0,24057.0,,,,,1.46,,,,,,
FBNBANK,Internationaux,2021,BCEAO_2022,121265.0,,106562.0,,,,,1141.0,,,,,,0.94,,,,,,
LBA,Locaux,2021,BCEAO_2022,352816.0,,266113.0,,,,19785.0,6758.0,11444.0,,,,,1.92,,,,,,
NSIA BANQUE,Continentaux,2021,BCEAO_2022,439249.0,,297767.0,,,,13967.0,2939.0,9125.0,,,,,0.67,,,,,,
ORABANK,Continentaux,2021,BCEAO_2022,641156.0,,458251.0,,,,,11307.0,,,,,,1.76,,,,,,
SGBS,Internationaux,2021,BCEAO_2022,1106364.0,,914208.0,,,,71746.0,18070.0,43690.0,,,,,1.63,,,,,,
UBA,Internationaux,2021,BCEAO_2022,369749.0,,252497.0,,,,16590.0,9280.0,7754.0,,,,,2.51,,,,,,
BAS,Continentaux,2022,BCEAO_2022,491984.0,,337354.0,,,,8644.0,1131.0,5920.0,,,,,0.23,,,,,,
BDK,Locaux,2022,BCEAO_2022,355692.0,,232315.0,,,,8237.0,5070.0,1014.0,,,,,1.43,,,,,,
BGFI,Continentaux,2022,BCEAO_2022,220107.0,,100390.0,,,,,2855.0,,,,,,1.3,,,,,,
BHS,Locaux,2022,BCEAO_2022,563706.0,,404621.0,,,,11406.0,4436.0,6362.0,,,,,0.79,,,,,,
BICIS,Internationaux,2022,BCEAO_2022,661374.0,,563492.0,,,,34115.0,4956.0,21742.0,,,,,0.75,,,,,,
BIMAO,Locaux,2022,BCEAO_2022,64564.0,,11532.0,,,,,1995.0,,,,,,3.09,,,,,,
BIS,Locaux,2022,BCEAO_2022,732900.0,,504514.0,,,,,8523.0,,,,,,1.16,,,,,,
BNDE,Locaux,2022,BCEAO_2022,398493.0,,60499.0,,,,,2793.0,,,,,,0.7,,,,,,
BOA,Continentaux,2022,BCEAO_2022,696306.0,,546022.0,,,,40503.0,15581.0,16260.0,,,,,2.24,,,,,,
BRM,Locaux,2022,BCEAO_2022,159170.0,,72750.0,,,,,6718.0,,,,,,4.22,,,,,,
BSIC,Continentaux,2022,BCEAO_2022,208190.0,,137657.0,,,,,2029.0,,,,,,0.97,,,,,,
CBAO,Continentaux,2022,BCEAO_2022,1338258.0,,1102891.0,,,,93894.0,34375.0,41244.0,,,,,2.57,,,,,,
CBI,Regionaux,2022,BCEAO_2022,599112.0,,339302.0,,,,,3609.0,,,,,,0.6,,,,,,
CDS,Continentaux,2022,BCEAO_2022,285111.0,,182680.0,,,,15869.0,6766.0,6675.0,,,,,2.37,,,,,,
CI,Locaux,2022,BCEAO_2022,57716.0,,38258.0,,,,,,,,,,,,,,,,,
CITIBANK,Internationaux,2022,BCEAO_2022,277384.0,,237285.0,,,,,6957.0,,,,,,2.51,,,,,,
ECOBANK,Continentaux,2022,BCEAO_2022,963980.0,,543241.0,,,,53121.0,18578.0,26697.0,,,,,1.93,,,,,,
FBNBANK,Internationaux,2022,BCEAO_2022,307974.0,,251111.0,,,,,2129.0,,,,,,0.69,,,,,,
LBA,Locaux,2022,BCEAO_2022,395988.0,,296149.0,,,,20186.0,4754.0,13155.0,,,,,1.2,,,,,,
NSIA BANQUE,Continentaux,2022,BCEAO_2022,510842.0,,336882.0,,,,16655.0,3991.0,10292.0,,,,,0.78,,,,,,
ORABANK,Continentaux,2022,BCEAO_2022,835187.0,,626552.0,,,,,7217.0,,,,,,0.86,,,,,,
SGBS,Internationaux,2022,BCEAO_2022,1336404.0,,1057130.0,,,,78444.0,14902.0,47119.0,,,,,1.12,,,,,,
UBA,Internationaux,2022,BCEAO_2022,452145.0,,256812.0,,,,20111.0,5645.0,9561.0,,,,,1.25,,,,,,
